534482b0d384a972e3085ea7,2014-04-08T23:12:09.473000+00:00,45.341,6.471,1.1,MLv,0,None,EOST,manual,7,15,114.93,manual,Saint-Jean-de-Maurienne,11
53451267d384a972e3085eb4,2014-04-08T05:31:14.817000+00:00,48.233,7.628,0.9,MLv,7,None,EOST,manual,7,13,99.85,manual,Sélestat,14
53451189d384a972e3085eb3,2014-04-08T05:23:52.254000+00:00,48.229,7.625,0.7,MLv,4,None,EOST,manual,7,10,90.02,manual,Sélestat,14
5341c2fbd384a972e3085e65,2014-04-06T21:09:27.025000+00:00,45.394,6.527,1.2,MLv,5,None,EOST,manual,6,13,136.9,manual,Saint-Jean-de-Maurienne,19
534183bdd384a972e3085e61,2014-04-06T16:39:50.376000+00:00,46.448,6.84,1.5,MLv,8,None,EOST,manual,6,13,185.64,manual,Le Châtelard,5
53426995d384a972e3085e6a,2014-04-06T09:50:30.003000+00:00,45.958,7.077,1.2,MLv,5,None,EOST,manual,5,11,213.04,manual,Martigny-Ville,16
533f8639d384a972e3085e4e,2014-04-05T04:25:58.292000+00:00,47.49,7.42,0.8,MLv,21,from location,EOST,manual,7,14,201.69,manual,Basel,14
533a74edd384a972e3085de1,2014-03-31T11:22:09.404000+00:00,46.323,7.153,1.7,MLv,0,None,EOST,manual,4,9,238.69,manual,Monthey,17
533a75add384a972e3085de2,2014-03-31T11:01:52.165000+00:00,46.292,7.492,1.5,MLv,2,None,EOST,manual,3,7,256.4,manual,Sion,12
533941e6d384a972e3085dd6,2014-03-31T10:20:17.904000+00:00,46.312,7.422,1.6,MLv,13,operator assigned,EOST,manual,8,15,177.62,manual,Sion,10
53381404d384a972e3085dc0,2014-03-30T12:52:45.731000+00:00,46.634,6.899,1.3,MLv,0,None,EOST,manual,5,9,164.38,manual,Vevey,20
5337f50fd384a972e3085dbd,2014-03-30T10:40:28.222000+00:00,46.24,7.741,1.6,MLv,7,None,EOST,manual,5,9,242.91,manual,Sierre,17
533758b6d384a972e3085db9,2014-03-29T23:33:44.907000+00:00,46.651,6.81,1.8,MLv,15,None,EOST,manual,9,19,187.37,manual,Ecublens,5
5339363dd384a972e3085dcf,2014-03-29T20:48:27.205000+00:00,45.262,7.406,1.4,MLv,0,None,EOST,manual,3,6,284.59,manual,Ciriè,15
533485fed384a972e3085d95,2014-03-27T20:10:02.228000+00:00,47.715,7.728,0.8,MLv,10,operator assigned,EOST,manual,3,6,209.94,manual,Lörrach,12
53314674d384a972e3085d62,2014-03-24T11:35:04.764000+00:00,46.046,6.918,1.4,MLv,4,None,EOST,manual,4,9,219.04,manual,Monthey,24
532bfc5ed384a972e3085d1e,2014-03-19T18:02:25.025000+00:00,46.29,7.471,1.5,MLv,14,None,EOST,manual,5,8,214.76,manual,Sion,11
5326ca70d384a972e3085cdb,2014-03-17T03:42:11.232000+00:00,45.133,7.262,1.3,MLv,16,None,EOST,manual,4,5,275.08,manual,Giaveno,12
53266414d384a972e3085cc7,2014-03-17T02:53:30.851000+00:00,48.005,7.571,0.8,MLv,9,None,EOST,manual,5,10,117.98,manual,Unterkrozingen,13
53263233d384a972e3085cc2,2014-03-16T23:20:33.205000+00:00,46.162,7.55,1.6,MLv,10,None,EOST,manual,6,9,204.97,manual,Sion,16
53251629d384a972e3085cb8,2014-03-16T03:08:56.493000+00:00,45.39,6.022,2.0,MLv,9,from location,EOST,manual,20,33,56.8,manual,Crolles,16
5323d5ead384a972e3085cab,2014-03-15T04:22:20.251000+00:00,46.147,7.749,1.5,MLv,10,None,EOST,manual,9,16,200.41,manual,Sierre,23
53210232d384a972e3085c8d,2014-03-13T00:54:32.239000+00:00,48.334,7.784,0.7,MLv,15,from location,EOST,manual,6,13,132.86,manual,Lahr,6
531f44bcd384a972e3085c75,2014-03-11T17:13:57.021000+00:00,45.525,6.215,1.2,MLv,14,None,EOST,manual,10,23,103.02,manual,Albertville,22
531d532ad384a972e3085c55,2014-03-10T05:50:54.064000+00:00,46.459,7.669,1.2,MLv,0,None,EOST,manual,4,8,196.05,manual,Sierre,21
531dcc97d384a972e3085c5f,2014-03-07T11:58:21.127000+00:00,48.012,7.686,1.6,MLv,6,None,EOST,manual,11,20,77.32,manual,Unterkrozingen,10
531606a7d384a972e3085c04,2014-03-04T16:58:32.886000+00:00,46.167,6.98,1.6,MLv,31,None,EOST,manual,4,8,219.62,manual,Monthey,10
531599c0d384a972e3085bfe,2014-03-04T03:37:59.515000+00:00,49.754,6.894,1.7,MLv,0,None,EOST,manual,4,8,290.76,manual,Morbach,17
5310d35ad384a972e3085bc0,2014-02-28T18:18:18.559000+00:00,45.557,6.819,1.5,MLv,0,None,EOST,manual,5,10,198.44,manual,Albertville,36
53159b59d384a972e3085bff,2014-02-27T04:33:10.690000+00:00,49.789,7.409,2.0,MLv,0,operator assigned,EOST,manual,4,9,241.65,manual,Idar-Oberstein,11
530e9334d384a972e3085ba8,2014-02-27T01:20:10.188000+00:00,45.014,6.627,1.6,MLv,0,None,EOST,manual,12,22,135.42,manual,Briançon,13
530e0403d384a972e3085ba3,2014-02-26T15:09:23.154000+00:00,47.859,7.61,1.7,MLv,4,None,EOST,manual,10,18,92.77,manual,Müllheim,6
530d9cd5d384a972e3085b9a,2014-02-26T07:49:04.553000+00:00,46.605,7.347,1.7,MLv,11,from location,EOST,manual,8,17,193.32,manual,Bulle,22
530d4446d384a972e3085b97,2014-02-26T01:31:10.698000+00:00,47.475,6.814,1.5,MLv,12,None,EOST,manual,10,19,119.24,manual,Montbéliard,5
530c8185d384a972e3085b8d,2014-02-25T11:40:08.519000+00:00,45.046,7.268,1.7,MLv,19,None,EOST,manual,6,13,245.2,manual,Giaveno,6
530be9c8d384a972e3085b77,2014-02-25T00:52:45.066000+00:00,46.234,7.874,2.9,MLv,3,None,EOST,manual,32,45,141.41,manual,Sierre,27
530a7d3cd384a972e3085b65,2014-02-23T22:57:15.855000+00:00,46.168,7.924,1.8,MLv,3,from location,EOST,manual,6,14,220.01,manual,Domodossola,29
530c714dd384a972e3085b89,2014-02-23T07:34:52.240000+00:00,45.044,7.213,1.2,MLv,23,None,EOST,manual,4,8,274.65,manual,Giaveno,11
53063366d384a972e3085b45,2014-02-20T16:53:07.315000+00:00,45.922,6.102,1.2,MLv,5,None,EOST,manual,6,11,106.68,manual,Annecy,3
53061b41d384a972e3085b43,2014-02-20T15:10:17.640000+00:00,47.213,7.346,1.7,MLv,14,None,EOST,manual,11,22,165.44,manual,Biel,12
53053a38d384a972e3085b34,2014-02-19T23:10:12.291000+00:00,45.044,6.552,2.2,MLv,9,None,EOST,manual,20,31,116.01,manual,Briançon,18
530504a0d384a972e3085b33,2014-02-19T19:21:24.273000+00:00,46.661,7.611,1.7,MLv,33,None,EOST,manual,5,11,206.65,manual,Thun,10
530491d4d384a972e3085b2f,2014-02-19T11:11:15.177000+00:00,48.153,7.699,0.7,MLv,0,None,EOST,manual,4,8,226.0,manual,Teningen,9
5305c1ddd384a972e3085b39,2014-02-19T11:04:46.084000+00:00,46.011,6.91,0.9,MLv,5,None,EOST,manual,4,9,220.4,manual,Sallanches,23
53031fbad384a972e3085b1f,2014-02-18T08:52:32.441000+00:00,47.222,7.108,1.5,MLv,13,None,EOST,manual,16,35,114.65,manual,Biel,14
53048084d384a972e3085b2c,2014-02-17T20:59:37.215000+00:00,46.086,6.857,1.1,MLv,7,None,EOST,manual,3,6,209.63,manual,Cluses,22
5301d63cd384a972e3085b0d,2014-02-17T09:26:54.464000+00:00,46.818,6.759,1.8,MLv,11,from location,EOST,manual,12,26,77.04,manual,Yverdon-les-Bains,10
5301cba5d384a972e3085b05,2014-02-16T13:14:28.720000+00:00,47.694,7.44,0.9,MLv,16,None,EOST,manual,6,11,179.74,manual,Mulhouse,10
5301d630d384a972e3085b0c,2014-02-15T13:44:07.693000+00:00,46.28,6.844,1.5,MLv,19,None,EOST,manual,3,6,238.16,manual,Montreux,18
5301cab9d384a972e3085b04,2014-02-14T19:48:23.600000+00:00,47.977,7.775,0.9,MLv,17,None,EOST,manual,5,10,124.55,manual,Freiburg,6
5301d514d384a972e3085b0b,2014-02-14T18:53:02.627000+00:00,46.05,7.397,1.7,MLv,0,None,EOST,manual,3,7,259.64,manual,Sion,20
52fd4104d384a972e3085ae7,2014-02-13T22:00:56.422000+00:00,45.914,7.215,1.1,MLv,21,None,EOST,manual,6,11,278.6,manual,Aosta,21
52faa101d384a972e3085aca,2014-02-11T22:13:40.230000+00:00,48.318,6.717,1.5,MLv,10,from location,EOST,manual,8,15,227.96,manual,Épinal,25
52f98cb5d384a972e3085ac3,2014-02-11T02:34:59.353000+00:00,47.437,7.462,1.4,MLv,23,from location,EOST,manual,6,12,211.82,manual,Allschwil,14
52f87b22d384a972e3085aa8,2014-02-10T07:07:40.060000+00:00,45.359,6.474,1.8,MLv,4,None,EOST,manual,9,16,118.5,manual,Saint-Jean-de-Maurienne,13
52f768d0d384a972e3085aa1,2014-02-09T11:37:13.595000+00:00,45.554,7.02,2.6,MLv,2,None,EOST,manual,14,21,192.16,manual,Aosta,31
52f89df0d384a972e3085aac,2014-02-09T08:11:44.715000+00:00,45.161,6.545,1.3,MLv,2,None,EOST,manual,10,19,116.8,manual,Briançon,30
52f672aed384a972e3085a9a,2014-02-08T18:06:46.352000+00:00,47.758,7.605,1.2,MLv,0,None,EOST,manual,4,7,185.35,manual,Müllheim,6
52f2f377d384a972e3085a74,2014-02-06T02:27:36.794000+00:00,46.723,6.857,1.9,MLv,17,from location,EOST,manual,8,16,159.19,manual,Yverdon-les-Bains,18
52eb6234d384a972e3085a20,2014-01-31T06:42:05.768000+00:00,47.16,7.183,1.3,MLv,3,None,EOST,manual,8,15,163.31,manual,Biel,6
52eadb56d384a972e3085a1d,2014-01-30T23:06:33.387000+00:00,47.442,7.925,1.4,MLv,29,from location,EOST,manual,7,14,211.93,manual,Olten,10
52ea43d0d384a972e3085a17,2014-01-30T12:19:26.837000+00:00,45.751,7.526,1.8,MLv,4,None,EOST,manual,6,14,249.43,manual,Aosta,16
52eb6579d384a972e3085a23,2014-01-30T10:17:53.298000+00:00,45.433,6.542,1.3,MLv,0,None,EOST,manual,4,6,283.2,manual,Saint-Jean-de-Maurienne,22
52e98efed384a972e3085a10,2014-01-29T23:28:24.097000+00:00,46.002,6.919,1.3,MLv,11,from location,EOST,manual,7,13,200.16,manual,Sallanches,23
52e982f7d384a972e3085a0f,2014-01-29T22:37:12.598000+00:00,47.088,7.17,1.3,MLv,10,operator assigned,EOST,manual,3,6,315.04,manual,Biel,7
52e9087fd384a972e3085a08,2014-01-29T13:54:30.796000+00:00,45.957,7.059,1.6,MLv,1,None,EOST,manual,8,15,209.73,manual,Martigny-Ville,16
52e900eed384a972e3085a04,2014-01-28T23:08:50.620000+00:00,48.028,7.861,0.6,MLv,7,None,EOST,manual,3,6,140.18,manual,Freiburg,4
52e7a72ed384a972e30859f3,2014-01-28T08:54:43.145000+00:00,47.542,6.598,1.8,MLv,16,None,EOST,manual,8,17,156.7,manual,Montbéliard,15
52e7747cd384a972e30859ef,2014-01-27T14:22:32.522000+00:00,47.586,7.832,1.4,MLv,0,None,EOST,manual,7,12,181.45,manual,Rheinfelden (Baden),4
52e48f7fd384a972e30859c1,2014-01-26T04:29:12.065000+00:00,46.066,7.128,1.9,MLv,0,None,EOST,manual,10,16,207.25,manual,Martigny-Ville,6
52e62e7ad384a972e30859dd,2014-01-25T03:44:44.671000+00:00,45.902,7.63,1.3,MLv,13,None,EOST,manual,6,9,241.25,manual,Aosta,30
52e62b7cd384a972e30859db,2014-01-24T10:10:39.248000+00:00,48.37,7.796,1.5,MLv,11,None,EOST,manual,7,12,105.04,manual,Lahr,6
52e223bfd384a972e30859aa,2014-01-24T08:24:56.772000+00:00,46.367,6.406,1.7,MLv,8,None,EOST,manual,12,27,116.44,manual,Thonon-les-Bains,6
52e231cbd384a972e30859ae,2014-01-24T02:38:07.005000+00:00,45.802,7.815,1.7,MLv,16,None,EOST,manual,4,9,262.25,manual,Zermatt,25
52e0e4fed384a972e30859a2,2014-01-23T09:44:58.336000+00:00,48.351,7.805,2.0,MLv,2,operator assigned,EOST,manual,17,31,78.03,manual,Lahr,5
52e0e1cbd384a972e30859a0,2014-01-23T04:58:13.585000+00:00,45.337,7.224,1.0,MLv,2,None,EOST,manual,4,6,271.75,manual,Susa,26
52e0e2b4d384a972e30859a1,2014-01-23T03:55:12.355000+00:00,45.061,6.508,1.2,MLv,0,None,EOST,manual,8,12,104.79,manual,Briançon,21
52e081a9d384a972e3085997,2014-01-23T02:41:15.037000+00:00,47.529,7.775,1.5,MLv,18,from location,EOST,manual,10,19,185.04,manual,Rheinfelden (Baden),4
52e0e0edd384a972e308599e,2014-01-22T23:46:56.241000+00:00,46.288,6.89,1.1,MLv,14,None,EOST,manual,5,11,207.16,manual,Le Châtelard,17
52df3795d384a972e3085986,2014-01-22T03:12:49.064000+00:00,45.424,6.041,1.7,MLv,8,None,EOST,manual,10,20,93.07,manual,Pontcharra,2
52dd79e4d384a972e308596a,2014-01-20T19:31:20.276000+00:00,47.183,7.156,2.0,MLv,13,from location,EOST,manual,11,19,160.69,manual,Biel,9
52de6a7ed384a972e3085970,2014-01-19T23:03:38.005000+00:00,46.043,6.898,1.1,MLv,5,None,EOST,manual,6,14,266.79,manual,Sallanches,23
52db509bd384a972e3085951,2014-01-19T04:10:23.876000+00:00,47.205,7.149,1.0,MLv,4,None,EOST,manual,4,7,177.21,manual,Biel,11
52db3fc2d384a972e308594f,2014-01-19T02:58:24.099000+00:00,48.224,7.774,0.4,MLv,0,None,EOST,manual,4,8,115.14,manual,Ettenheim,5
52da20a9d384a972e3085944,2014-01-18T06:33:32.073000+00:00,46.344,7.429,1.4,MLv,12,None,EOST,manual,5,10,261.38,manual,Sion,14
52da00b6d384a972e3085941,2014-01-18T04:17:27.006000+00:00,47.167,7.168,1.1,MLv,0,from location,EOST,manual,5,10,230.08,manual,Biel,7
52d9d2e1d384a972e308593e,2014-01-18T01:01:54.080000+00:00,45.382,6.014,2.5,MLv,6,from location,EOST,manual,11,19,136.59,manual,Crolles,15
52d82597d384a972e308592f,2014-01-16T18:30:12.620000+00:00,47.163,7.153,1.1,MLv,9,None,EOST,manual,5,10,251.33,manual,Biel,8
52d788ead384a972e3085925,2014-01-15T23:39:46.874000+00:00,45.098,7.149,1.2,MLv,21,None,EOST,manual,7,13,203.15,manual,Giaveno,17
52d650fad384a972e3085919,2014-01-14T12:02:11.684000+00:00,48.003,7.698,1.2,MLv,9,None,EOST,manual,6,10,114.74,manual,Unterkrozingen,9
52d3b091d384a972e30858ea,2014-01-12T22:14:25.067000+00:00,45.717,7.022,0.6,MLv,0,None,EOST,manual,4,10,277.07,manual,Aosta,23
52d109bfd384a972e30858d5,2014-01-11T09:05:38.445000+00:00,47.179,7.162,1.6,MLv,7,from location,EOST,manual,7,12,161.21,manual,Biel,8
52d0ffa1d384a972e30858d4,2014-01-11T08:22:17.925000+00:00,45.312,7.253,1.8,MLv,0,None,EOST,manual,8,14,238.18,manual,Bussoleno,21
52d0d92ad384a972e30858d3,2014-01-11T05:38:20.609000+00:00,47.192,7.15,1.3,MLv,0,None,EOST,manual,8,13,159.96,manual,Biel,10
52d0397ed384a972e30858d0,2014-01-10T18:16:45.726000+00:00,45.625,7.895,2.1,MLv,1,None,EOST,manual,10,15,215.2,manual,Biella,14
52cfbe83d384a972e30858ab,2014-01-10T09:32:23.099000+00:00,47.172,7.165,1.9,MLv,6,from location,EOST,manual,12,20,161.68,manual,Biel,7
52cfbcd4d384a972e30858a9,2014-01-10T09:25:07.863000+00:00,47.506,6.588,1.8,MLv,23,from location,EOST,manual,6,11,205.65,manual,Montbéliard,16
52cfd6a4d384a972e30858c1,2014-01-10T08:01:54.620000+00:00,45.892,7.002,1.2,MLv,4,None,EOST,manual,4,8,300.49,manual,Sallanches,29
52cf7ba1d384a972e30858a4,2014-01-10T04:46:47.998000+00:00,46.247,7.376,1.5,MLv,0,None,EOST,manual,5,11,211.7,manual,Sion,2
52cf638dd384a972e30858a3,2014-01-10T03:04:15.811000+00:00,47.155,7.174,1.1,MLv,0,from location,EOST,manual,7,14,181.76,manual,Biel,6
52cfd5f5d384a972e30858c0,2014-01-10T01:20:38.586000+00:00,45.329,7.257,1.3,MLv,0,None,EOST,manual,4,7,307.1,manual,Bussoleno,23
52cfe949d384a972e30858cb,2014-01-09T18:24:15.709000+00:00,47.175,7.153,1.0,MLv,12,None,EOST,manual,4,8,249.02,manual,Biel,8
52ce977ed384a972e3085899,2014-01-09T12:33:36.031000+00:00,47.168,7.164,1.5,MLv,15,from location,EOST,manual,14,38,89.1,manual,Biel,7
52ce6d22d384a972e3085893,2014-01-09T08:28:33.736000+00:00,47.163,7.143,1.0,MLv,7,None,EOST,manual,6,11,132.88,manual,Biel,8
52ce5de7d384a972e3085890,2014-01-09T08:27:36.907000+00:00,47.183,7.132,1.1,MLv,16,None,EOST,manual,6,12,173.62,manual,Biel,10
52ce5aa3d384a972e308588f,2014-01-09T08:13:57.082000+00:00,47.167,7.153,1.8,MLv,14,None,EOST,manual,14,30,88.37,manual,Biel,8
52ce1750d384a972e308588b,2014-01-09T03:26:45.431000+00:00,47.172,7.159,2.0,MLv,12,from location,EOST,manual,9,16,161.39,manual,Biel,8
52ce1504d384a972e308588a,2014-01-09T03:16:53.684000+00:00,47.184,7.126,1.4,MLv,19,from location,EOST,manual,7,14,177.06,manual,Biel,11
52cfd464d384a972e30858bd,2014-01-09T01:31:40.598000+00:00,45.374,6.526,1.1,MLv,10,None,EOST,manual,8,15,134.47,manual,Saint-Jean-de-Maurienne,17
52cdf0fdd384a972e3085889,2014-01-09T00:43:07.966000+00:00,47.155,7.175,1.0,MLv,0,None,EOST,manual,5,10,181.82,manual,Biel,6
52cdecd5d384a972e3085887,2014-01-09T00:25:27.641000+00:00,47.161,7.149,1.6,MLv,16,from location,EOST,manual,10,20,161.2,manual,Biel,8
52cde170d384a972e3085885,2014-01-08T23:36:52.120000+00:00,47.153,7.175,1.7,MLv,1,from location,EOST,manual,11,21,163.1,manual,Biel,6
52ce84d7d384a972e3085896,2014-01-08T23:29:34.330000+00:00,47.208,7.126,1.0,MLv,0,None,EOST,manual,4,7,241.94,manual,Biel,12
52cdbe69d384a972e3085882,2014-01-08T21:07:24.615000+00:00,47.203,7.151,1.5,MLv,9,from location,EOST,manual,8,16,159.52,manual,Biel,11
52ce6399d384a972e3085892,2014-01-08T18:32:19.520000+00:00,47.165,7.141,1.8,MLv,19,None,EOST,manual,10,20,179.07,manual,Biel,9
52cd99a6d384a972e3085880,2014-01-08T18:30:29.396000+00:00,47.145,7.179,2.3,MLv,0,from location,EOST,manual,6,12,234.34,manual,Biel,5
52cd98ffd384a972e308587f,2014-01-08T18:27:49.216000+00:00,47.167,7.153,3.1,MLv,6,from location,EOST,manual,17,27,156.62,manual,Biel,8
52cd9567d384a972e308587d,2014-01-08T18:12:25.871000+00:00,47.166,7.157,2.7,MLv,10,operator assigned,EOST,manual,12,21,161.53,manual,Biel,8
52cc2316d384a972e308586d,2014-01-07T13:02:44.099000+00:00,48.212,7.787,0.5,MLv,0,None,EOST,manual,5,9,109.78,manual,Ettenheim,5
52c5ffebd384a972e3085833,2014-01-03T00:08:32.767000+00:00,49.131,6.717,2.3,MLv,20,None,EOST,manual,7,15,217.85,manual,Saint-Avold,3
52cbcaafd384a972e308585a,2014-01-02T23:10:27.376000+00:00,48.213,7.796,1.0,MLv,0,None,EOST,manual,8,14,98.18,manual,Ettenheim,5
52cbcde8d384a972e308585c,2013-12-30T12:35:14.915000+00:00,48.154,7.656,1.1,MLv,4,None,EOST,manual,5,8,92.77,manual,Teningen,12
52bec38fd384a972e30857fd,2013-12-28T12:25:08.645000+00:00,47.589,7.602,1.1,MLv,1,operator assigned,EOST,manual,5,9,178.41,manual,Basel,4
52cfbc63d384a972e30858a8,2013-12-27T05:36:26.951000+00:00,45.15,7.147,1.5,MLv,17,None,EOST,manual,5,9,234.13,manual,Giaveno,20
52bc3559d384a972e30857ee,2013-12-26T13:53:58.082000+00:00,46.376,6.577,1.9,MLv,0,from location,EOST,manual,7,12,147.89,manual,Lausanne,16
52cfe0d5d384a972e30858c7,2013-12-25T18:17:21.678000+00:00,45.141,7.245,1.5,MLv,21,None,EOST,manual,6,12,243.74,manual,Giaveno,13
52b978dfd384a972e30857e0,2013-12-24T12:05:18.184000+00:00,46.781,7.345,2.4,MLv,17,None,EOST,manual,5,13,213.38,manual,Fribourg,15
52b8ab65d384a972e30857db,2013-12-23T21:28:25.097000+00:00,48.201,7.71,1.0,MLv,7,None,EOST,manual,7,14,95.11,manual,Ettenheim,10
52b78092d384a972e30857c8,2013-12-23T00:13:31.565000+00:00,45.993,7.036,1.4,MLv,7,None,EOST,manual,8,18,180.86,manual,Martigny-Ville,12
52b6d232d384a972e30857c0,2013-12-22T11:49:32.060000+00:00,48.357,7.963,1.3,MLv,7,operator assigned,EOST,manual,5,10,94.42,manual,Offenburg,13
52cfdd64d384a972e30858c4,2013-12-20T18:53:37.192000+00:00,45.033,7.316,1.4,MLv,7,None,EOST,manual,4,9,281.68,manual,Giaveno,3
52b431c3d384a972e30857a4,2013-12-20T12:00:28.367000+00:00,48.018,7.687,1.5,MLv,10,None,EOST,manual,10,23,83.0,manual,Unterkrozingen,11
52b4209bd384a972e30857a3,2013-12-20T10:47:19.041000+00:00,47.797,6.836,1.5,MLv,14,from location,EOST,manual,15,31,110.36,manual,Belfort,18
52b2bd3dd384a972e3085797,2013-12-19T00:58:09.069000+00:00,48.588,7.717,0.9,MLv,14,None,EOST,manual,7,14,139.65,manual,Strasbourg,2
52b226f7d384a972e308578e,2013-12-18T22:49:50.750000+00:00,46.268,7.78,2.1,MLv,0,None,EOST,manual,8,14,241.75,manual,Sierre,19
52af953ad384a972e308575a,2013-12-17T00:03:42.966000+00:00,47.798,7.273,1.6,MLv,8,from location,EOST,manual,10,19,137.29,manual,Mulhouse,7
52aec0b8d384a972e308574c,2013-12-15T05:01:20.735000+00:00,47.556,7.618,1.1,MLv,2,operator assigned,EOST,manual,7,14,182.87,manual,Basel,3
52aa69b0d384a972e3085728,2013-12-13T01:56:31.248000+00:00,47.273,7.337,1.6,MLv,22,None,EOST,manual,9,17,185.17,manual,Grenchen,10
52a9919ad384a972e308571e,2013-12-12T10:34:22.406000+00:00,46.195,7.64,2.7,MLv,7,None,EOST,manual,8,21,183.74,manual,Sion,22
52a91d46d384a972e3085715,2013-12-12T02:18:02.054000+00:00,45.893,6.18,0.7,MLv,8,None,EOST,manual,5,10,117.12,manual,Annecy,5
52a84d48d384a972e3085710,2013-12-11T11:30:36.428000+00:00,48.415,6.854,0.9,MLv,0,None,EOST,manual,5,9,257.43,manual,Saint-Dié-des-Vosges,16
52a849a3d384a972e308570f,2013-12-11T11:15:07.289000+00:00,48.422,6.89,1.3,MLv,0,from location,EOST,manual,6,11,269.38,manual,Saint-Dié-des-Vosges,16
52a7fffcd384a972e3085705,2013-12-11T06:01:00.643000+00:00,47.534,7.661,1.1,MLv,22,None,EOST,manual,7,13,225.48,manual,Basel,7
52a59a97d384a972e30856e7,2013-12-09T02:50:35.457000+00:00,45.185,6.492,0.9,MLv,2,None,EOST,manual,4,7,131.51,manual,Briançon,34
52a58dfdd384a972e30856de,2013-12-08T09:32:28.799000+00:00,48.014,7.619,0.3,MLv,3,None,EOST,manual,4,8,197.64,manual,Unterkrozingen,12
52a1ecf4d384a972e30856c2,2013-12-06T15:25:59.993000+00:00,46.151,7.072,1.5,MLv,12,None,EOST,manual,7,13,194.89,manual,Monthey,14
52a101e9d384a972e30856b9,2013-12-05T22:43:24.306000+00:00,48.042,7.534,2.1,MLv,10,from location,EOST,manual,13,24,106.21,manual,Colmar,13
529f05cbd384a972e30856a3,2013-12-04T10:35:15.478000+00:00,48.041,7.017,1.4,MLv,9,None,EOST,manual,9,18,172.79,manual,Guebwiller,19
529c7a49d384a972e3085689,2013-12-02T12:15:18.630000+00:00,47.066,6.766,1.3,MLv,23,None,EOST,manual,8,16,146.4,manual,La Chaux-de-Fonds,6
529c6cd8d384a972e3085688,2013-12-02T11:18:09.019000+00:00,47.492,6.618,1.5,MLv,19,None,EOST,manual,5,10,211.82,manual,Montbéliard,14
5299e635d384a972e3085670,2013-11-30T13:19:09.172000+00:00,45.698,6.527,1.3,MLv,9,None,EOST,manual,6,11,94.29,manual,Albertville,11
52993da9d384a972e308566c,2013-11-30T01:19:30.089000+00:00,47.339,7.776,1.2,MLv,30,operator assigned,EOST,manual,5,8,213.08,manual,Olten,10
529c87fbd384a972e308568b,2013-11-29T11:59:35.666000+00:00,45.722,6.112,0.6,MLv,19,None,EOST,manual,5,9,96.57,manual,Aix-les-Bains,15
529c8735d384a972e308568a,2013-11-29T03:46:54.276000+00:00,45.144,7.276,1.2,MLv,17,None,EOST,manual,5,9,246.75,manual,Giaveno,12
529697d4d384a972e3085653,2013-11-28T01:07:43.859000+00:00,47.594,7.417,0.7,MLv,20,None,EOST,manual,4,6,193.8,manual,Basel,12
52949dd2d384a972e3085641,2013-11-26T13:08:53.089000+00:00,46.205,7.24,1.7,MLv,0,None,EOST,manual,3,6,241.18,manual,Sion,10
52946805d384a972e308563f,2013-11-26T02:21:13.943000+00:00,48.0,7.832,0.3,MLv,10,None,EOST,manual,3,6,168.68,manual,Freiburg,2
52946937d384a972e3085640,2013-11-25T22:59:10.096000+00:00,48.013,7.802,0.7,MLv,17,None,EOST,manual,5,8,122.49,manual,Freiburg,4
52932f14d384a972e3085632,2013-11-25T11:04:07.402000+00:00,48.403,6.948,1.1,MLv,13,None,EOST,manual,6,11,278.49,manual,Saint-Dié-des-Vosges,13
52946385d384a972e308563b,2013-11-24T05:15:32.242000+00:00,45.671,6.373,0.9,MLv,19,None,EOST,manual,7,13,96.04,manual,Albertville,1
52946491d384a972e308563c,2013-11-24T04:53:54.504000+00:00,46.212,7.002,1.3,MLv,0,None,EOST,manual,4,7,220.11,manual,Monthey,6
528dcc9ad384a972e30855da,2013-11-21T09:02:38.237000+00:00,48.379,6.922,1.6,MLv,12,None,EOST,manual,12,20,252.27,manual,Saint-Dié-des-Vosges,11
528a0549d384a972e30855ae,2013-11-18T12:15:23.860000+00:00,47.058,6.846,1.4,MLv,19,None,EOST,manual,9,22,153.38,manual,La Chaux-de-Fonds,5
5289dc92d384a972e30855a2,2013-11-18T06:23:29.790000+00:00,48.303,7.587,0.6,MLv,10,None,EOST,manual,4,8,202.04,manual,Sélestat,11
52895260d384a972e3085599,2013-11-17T23:32:03.471000+00:00,46.18,7.616,1.8,MLv,0,None,EOST,manual,7,14,225.25,manual,Sion,20
5289e006d384a972e30855a4,2013-11-16T06:26:02.816000+00:00,45.002,6.643,1.1,MLv,0,None,EOST,manual,8,14,152.51,manual,Briançon,11
5284c775d384a97aec4291ea,2013-11-13T02:57:11.195000+00:00,46.194,7.253,1.6,MLv,3,None,EOST,manual,4,7,242.64,manual,Sion,9
52813cded384a959a36ec93c,2013-11-11T20:22:27.034000+00:00,47.289,6.629,2.8,MLv,9,from location,EOST,manual,14,17,134.4,manual,La Chaux-de-Fonds,26
528203a6d384a959a36ec948,2013-11-09T23:49:41.524000+00:00,45.204,6.426,1.4,MLv,8,None,EOST,manual,11,18,72.96,manual,Briançon,38
527fa8b8d384a9570c712701,2013-11-08T09:51:39.960000+00:00,47.453,6.041,1.7,MLv,16,None,EOST,manual,15,30,93.99,manual,Besançon,23
527fa133d384a9403e2adc15,2013-11-07T02:19:48.956000+00:00,48.066,7.887,0.6,MLv,15,None,EOST,manual,4,8,118.22,manual,Freiburg,8
527fac8cd384a924a1fb6799,2013-11-06T21:26:31.461000+00:00,48.208,7.463,0.9,MLv,5,None,EOST,manual,8,15,82.54,manual,Colmar,16
5278c220b6b71c10385febc8,2013-11-04T09:38:25.557000+00:00,46.281,7.391,1.6,MLv,10,operator assigned,EOST,manual,4,7,250.03,manual,Sion,6
5277368eb6b71c10385febb0,2013-11-04T05:52:45.040000+00:00,47.495,7.717,2.0,MLv,17,None,EOST,manual,10,20,193.51,manual,Muttenz,6
5274b964b6b71c10385feb96,2013-11-02T08:34:03.079000+00:00,45.976,7.097,1.5,MLv,3,None,EOST,manual,7,12,185.36,manual,Martigny-Ville,14
52721df3b6b71c10385feb82,2013-10-31T08:15:15.286000+00:00,46.003,6.897,1.3,MLv,7,None,EOST,manual,4,9,140.43,manual,Sallanches,22
5271ce46b6b71c10385feb7e,2013-10-31T03:26:10.048000+00:00,45.069,7.311,1.7,MLv,16,None,EOST,manual,7,11,214.79,manual,Giaveno,4
526f7a92b6b71c10385feb59,2013-10-25T19:23:41.910000+00:00,45.301,6.477,1.1,MLv,0,None,EOST,manual,6,12,108.02,manual,Saint-Jean-de-Maurienne,10
526e2ad6b6b71c10385feb4d,2013-10-25T15:21:59.358000+00:00,48.082,7.853,0.7,MLv,10,None,EOST,manual,5,10,125.52,manual,Freiburg,10
526f7798b6b71c10385feb56,2013-10-25T03:54:31.571000+00:00,45.341,6.421,0.9,MLv,17,None,EOST,manual,5,9,149.69,manual,Saint-Jean-de-Maurienne,8
526a2521b6b71c10385feb29,2013-10-24T15:41:29.101000+00:00,46.179,7.079,1.5,MLv,10,None,EOST,manual,6,12,228.61,manual,Monthey,12
52683505b6b71c10385feae5,2013-10-23T20:42:10.577000+00:00,46.141,7.22,2.4,MLv,0,from location,EOST,manual,5,9,239.21,manual,Sion,15
5265449ab6b71c10385fea76,2013-10-21T15:11:42.644000+00:00,46.211,7.003,1.6,MLv,10,None,EOST,manual,7,18,177.69,manual,Monthey,6
525e2f84b6b71c10385fe9cc,2013-10-12T04:11:30.137000+00:00,47.548,7.62,0.9,MLv,0,None,EOST,manual,4,8,219.8,manual,Basel,4
526a505eb6b71c10385feb32,2013-10-11T21:47:41.970000+00:00,48.077,7.809,1.0,MLv,0,None,EOST,manual,3,6,152.38,manual,Freiburg,10
5256c74eb6b71c10385fe959,2013-10-10T15:25:24.009000+00:00,47.549,6.626,1.6,MLv,7,None,EOST,manual,9,21,194.23,manual,Montbéliard,14
525697a9b6b71c10385fe94d,2013-10-10T09:56:23.428000+00:00,48.505,7.81,1.3,MLv,4,None,EOST,manual,9,15,99.74,manual,Strasbourg,10
52566864b6b71c10385fe93d,2013-10-10T05:55:15.679000+00:00,46.024,6.892,1.1,MLv,0,None,EOST,manual,6,11,217.32,manual,Cluses,25
5256674bb6b71c10385fe93c,2013-10-09T03:07:00.967000+00:00,46.031,6.955,0.5,MLv,0,None,EOST,manual,4,7,290.81,manual,Monthey,25
52566657b6b71c10385fe93b,2013-10-09T01:44:13.023000+00:00,46.008,6.888,0.9,MLv,8,None,EOST,manual,4,9,217.95,manual,Cluses,25
5254569eb6b71c10385fe924,2013-10-08T19:00:07.315000+00:00,47.386,7.72,1.4,MLv,23,None,EOST,manual,7,14,206.21,manual,Liestal,11
525200fcb6b71c10385fe906,2013-10-07T00:30:10.502000+00:00,48.234,7.726,1.1,MLv,0,from location,EOST,manual,9,18,71.26,manual,Ettenheim,7
525699a3b6b71c10385fe94e,2013-10-06T04:22:53.002000+00:00,48.45,7.792,0.2,MLv,21,None,EOST,manual,4,9,176.88,manual,Offenburg,12
525692b0b6b71c10385fe94b,2013-10-03T15:00:28.475000+00:00,46.229,7.029,1.5,MLv,0,None,EOST,manual,5,8,222.18,manual,Monthey,6
524c4657b6b71c10385fe893,2013-10-02T16:12:22.344000+00:00,46.162,7.551,1.1,MLv,11,operator assigned,EOST,manual,4,8,263.68,manual,Sion,17
524c3410b6b71c10385fe891,2013-10-02T14:54:20.079000+00:00,45.701,6.903,1.2,MLv,0,None,EOST,manual,6,11,234.81,manual,Passy,30
524b7f61b6b71c10385fe874,2013-10-02T02:03:29.456000+00:00,46.375,7.247,0.9,MLv,9,None,EOST,manual,3,6,260.09,manual,Sion,18
524d8166b6b71c10385fe8b7,2013-10-02T01:47:31.967000+00:00,49.162,7.951,0.9,MLv,17,None,EOST,manual,6,12,214.25,manual,Landau in der Pfalz,13
5247ff1eb6b71c10385fe810,2013-09-29T10:19:42.007000+00:00,47.621,7.701,0.8,MLv,16,from location,EOST,manual,3,6,277.78,manual,Lörrach,3
52478f79b6b71c10385fe80c,2013-09-29T02:22:50.008000+00:00,45.934,7.353,1.0,MLv,0,None,EOST,manual,4,8,264.71,manual,Aosta,22
524549bdb6b71c10385fe7f7,2013-09-27T09:01:12.347000+00:00,47.72,7.794,1.5,MLv,0,None,EOST,manual,7,13,171.05,manual,Lörrach,15
52454101b6b71c10385fe7f3,2013-09-27T08:23:52.037000+00:00,48.02,7.048,0.9,MLv,0,None,EOST,manual,6,10,125.85,manual,Guebwiller,16
52439720b6b71c10385fe7ce,2013-09-26T02:06:42.218000+00:00,45.413,6.053,1.1,MLv,5,operator assigned,EOST,manual,5,10,140.44,manual,Pontcharra,4
52436f3ab6b71c10385fe7cc,2013-09-25T23:16:19.905000+00:00,46.378,7.232,1.2,MLv,0,None,EOST,manual,3,5,236.38,manual,Sion,19
5242888fb6b71c10385fe7a6,2013-09-25T06:52:28.656000+00:00,47.963,7.505,1.2,MLv,0,operator assigned,EOST,manual,10,19,96.39,manual,Unterkrozingen,15
5239ffeeb6b71c10385fe6f2,2013-09-18T19:31:13.357000+00:00,46.703,7.213,1.7,MLv,19,None,EOST,manual,8,15,181.69,manual,Fribourg,12
5239ff29b6b71c10385fe6f1,2013-09-18T19:28:05.194000+00:00,46.677,7.364,1.9,MLv,6,None,EOST,manual,12,18,191.67,manual,Thun,21
5236c527b6b71c4c1432c965,2013-09-15T03:48:10.630000+00:00,45.431,6.061,0.9,MLv,4,None,EOST,manual,6,10,134.88,manual,Pontcharra,4
5236c517b6b71c4c1432c962,2013-09-14T22:15:48.111000+00:00,45.232,6.463,1.5,MLv,0,None,EOST,manual,7,13,148.24,manual,Saint-Jean-de-Maurienne,11
5236c512b6b71c4c1432c95f,2013-09-14T18:08:18.636000+00:00,45.249,6.468,1.1,MLv,0,None,EOST,manual,5,10,148.69,manual,Saint-Jean-de-Maurienne,10
5256a2eab6b71c10385fe953,2013-09-08T16:18:34.685000+00:00,47.82,7.853,0.6,MLv,0,None,EOST,manual,4,8,292.48,manual,Zell im Wiesental,13
5228ee58b6b71c4af6617319,2013-09-05T20:47:32.541000+00:00,48.274,7.747,1.7,MLv,14,from location,EOST,manual,12,22,64.83,manual,Lahr,12
5256a601b6b71c10385fe954,2013-09-05T10:50:13.893000+00:00,48.17,7.698,1.0,MLv,10,operator assigned,EOST,manual,8,15,72.56,manual,Teningen,10
5256634cb6b71c10385fe93a,2013-09-04T17:21:22.691000+00:00,46.009,6.866,1.4,MLv,7,None,EOST,manual,4,7,215.09,manual,Cluses,23
5225a0b2b6b71c4af66172d3,2013-09-02T13:34:42.064000+00:00,47.931,7.868,1.2,MLv,2,None,EOST,manual,5,10,221.07,manual,Freiburg,7
52259f94b6b71c4af6617296,2013-08-28T22:55:35.343000+00:00,46.018,7.325,1.4,MLv,22,None,EOST,manual,3,8,224.94,manual,Sion,24
5256c3ddb6b71c10385fe955,2013-08-28T20:25:47.896000+00:00,48.058,7.888,0.4,MLv,0,None,EOST,manual,3,6,160.53,manual,Freiburg,7
526a4d19b6b71c10385feb2f,2013-08-28T11:02:35.011000+00:00,48.508,7.697,0.7,MLv,23,None,EOST,manual,4,8,139.48,manual,Strasbourg,9
52283169b6b71c4af661730b,2013-08-27T22:23:07.141000+00:00,45.99,6.919,0.9,MLv,10,None,EOST,manual,3,8,223.11,manual,Sallanches,23
521b8ce6b6b71c6867e44c98,2013-08-24T16:21:29.173000+00:00,47.661,7.494,1.4,MLv,4,None,EOST,manual,8,16,165.64,manual,Weil am Rhein,12
5256c50fb6b71c10385fe956,2013-08-24T07:13:17.055000+00:00,48.444,7.655,0.4,MLv,18,None,EOST,manual,5,9,180.17,manual,Illkirch-Graffenstaden,10
5256c690b6b71c10385fe958,2013-08-15T23:11:56.308000+00:00,47.598,7.589,0.7,MLv,9,None,EOST,manual,6,12,209.93,manual,Basel,5
526a4bdab6b71c10385feb2e,2013-08-15T19:30:17.144000+00:00,47.738,7.838,0.6,MLv,12,None,EOST,manual,4,8,248.17,manual,Schopfheim,10
5211ed37b6b71c3821d5fdd4,2013-08-14T06:15:37.356000+00:00,45.705,6.657,1.7,MLv,11,None,EOST,manual,4,8,217.62,manual,Albertville,21
5211ed36b6b71c3821d5fdd3,2013-08-14T06:06:50.980000+00:00,45.649,6.885,1.5,MLv,0,None,EOST,manual,4,8,236.61,manual,Chamonix-Mont-Blanc,31
5211ed35b6b71c3821d5fdd1,2013-08-14T02:27:23.353000+00:00,46.517,7.867,1.4,MLv,0,None,EOST,manual,5,9,198.61,manual,Spiez,23
5211ece1b6b71c370830f5ca,2013-08-13T15:57:16.229000+00:00,46.18,7.783,2.3,MLv,33,from location,EOST,manual,3,5,277.18,manual,Sierre,23
52122a16b6b71c4616f9b77d,2013-08-11T00:18:45.911000+00:00,48.105,7.651,0.5,MLv,11,None,EOST,manual,5,10,89.01,manual,Breisach am Rhein,9
52121c8fb6b71c279f4e1113,2013-08-10T11:10:56.823000+00:00,45.432,6.064,1.5,MLv,8,None,EOST,manual,4,8,159.84,manual,Pontcharra,4
5236fbc8b6b71c4c1432c977,2013-08-05T00:26:04.145000+00:00,48.887,7.985,0.8,MLv,10,operator assigned,EOST,manual,9,18,152.79,manual,Rastatt,17
52121c69b6b71c26546cacf7,2013-08-03T09:22:26.001000+00:00,46.183,7.476,2.1,MLv,4,None,EOST,manual,6,12,230.74,manual,Sion,10
5211ee3db6b71c3a9fe20977,2013-08-03T07:58:29.942000+00:00,46.831,7.467,1.5,MLv,11,None,EOST,manual,5,8,292.07,manual,Köniz,11
5257af1db6b71c10385fe966,2013-07-31T05:40:35.731000+00:00,48.267,7.731,0.2,MLv,0,None,EOST,manual,4,8,112.44,manual,Ettenheim,6
51f71e33b6b71c53d076104b,2013-07-30T01:58:37.441000+00:00,45.978,6.935,2.6,MLv,25,from location,EOST,manual,15,30,132.7,manual,Sallanches,24
5257b101b6b71c10385fe968,2013-07-29T11:11:15.804000+00:00,47.688,7.642,0.9,MLv,0,None,EOST,manual,6,12,202.59,manual,Lörrach,8
5257b37cb6b71c10385fe969,2013-07-29T10:57:08.339000+00:00,48.233,7.724,0.3,MLv,0,None,EOST,manual,4,8,112.84,manual,Ettenheim,7
51f5be31b6b71c53d076103f,2013-07-29T00:56:41.411000+00:00,48.061,6.993,1.3,MLv,6,None,EOST,manual,12,24,108.68,manual,Gérardmer,9
51f2f5ddb6b71c53d0761033,2013-07-26T22:17:22.192000+00:00,48.171,6.881,0.9,MLv,10,operator assigned,EOST,manual,9,15,209.94,manual,Saint-Dié-des-Vosges,14
51f18229b6b71c53d0761025,2013-07-25T19:51:21.219000+00:00,45.033,6.547,1.3,MLv,0,None,EOST,manual,10,17,140.66,manual,Briançon,17
51f02570b6b71c53d0761018,2013-07-24T19:03:36.268000+00:00,45.677,6.632,2.6,MLv,1,None,EOST,manual,11,18,159.25,manual,Albertville,19
5257b495b6b71c10385fe96a,2013-07-23T22:16:39.076000+00:00,48.28,7.752,0.1,MLv,10,None,EOST,manual,4,8,116.37,manual,Lahr,11
51eed8fbb6b71c53d076100f,2013-07-23T19:25:07.874000+00:00,48.05,7.39,1.3,MLv,0,None,EOST,manual,8,15,107.59,manual,Colmar,4
51ee2c6eb6b71c53d0761009,2013-07-23T07:08:51.545000+00:00,45.447,6.627,1.9,MLv,0,None,EOST,manual,6,11,186.72,manual,Saint-Jean-de-Maurienne,28
51edd5a6b6b71c53d0761006,2013-07-23T00:58:26.183000+00:00,46.252,7.468,1.5,MLv,0,None,EOST,manual,5,8,216.72,manual,Sion,9
51edac76b6b71c53d0761001,2013-07-22T22:03:01.436000+00:00,47.119,7.351,1.6,MLv,0,from location,EOST,manual,8,18,175.35,manual,Biel,8
51e6ac57b6b71c53d0760fc6,2013-07-17T14:36:30.555000+00:00,47.477,7.743,1.3,MLv,20,None,EOST,manual,4,8,239.42,manual,Muttenz,9
51e61d54b6b71c53d0760fbf,2013-07-17T04:26:17.268000+00:00,46.297,7.449,1.8,MLv,0,None,EOST,manual,4,8,245.7,manual,Sion,10
51e611c3b6b71c53d0760fbe,2013-07-17T03:36:58.587000+00:00,46.335,7.463,1.5,MLv,0,None,EOST,manual,5,9,211.96,manual,Sion,14
51e374c4b6b71c53d0760f99,2013-07-15T04:02:48.878000+00:00,48.043,7.35,1.6,MLv,1,from location,EOST,manual,9,18,108.31,manual,Colmar,5
51e2b3adb6b71c53d0760f93,2013-07-14T14:13:15.140000+00:00,47.364,7.358,0.8,MLv,0,operator assigned,EOST,manual,4,6,265.64,manual,Grenchen,19
51e0c614b6b71c53d0760f8a,2013-07-13T03:12:26.078000+00:00,47.887,7.779,0.9,MLv,22,None,EOST,manual,6,9,152.52,manual,Freiburg,13
51e06065b6b71c53d0760f87,2013-07-12T19:58:16.050000+00:00,48.132,7.655,0.7,MLv,8,None,EOST,manual,6,11,128.54,manual,Teningen,12
5257b8e1b6b71c10385fe96d,2013-07-11T23:04:05.993000+00:00,47.988,7.848,0.7,MLv,10,None,EOST,manual,4,7,172.94,manual,Freiburg,1
5257ba09b6b71c10385fe96e,2013-07-11T11:25:50.371000+00:00,47.989,7.863,0.8,MLv,13,None,EOST,manual,4,7,123.13,manual,Freiburg,1
51dda242b6b71c53d0760f5f,2013-07-10T18:03:17.806000+00:00,46.755,6.579,1.6,MLv,14,from location,EOST,manual,6,11,165.94,manual,Yverdon-les-Bains,5
51dc0944b6b71c53d07572d8,2013-07-09T12:58:07.260000+00:00,47.431,7.459,1.4,MLv,2,None,EOST,manual,6,10,192.32,manual,Allschwil,15
51d7ac64b6b71c53d0756632,2013-07-06T05:32:32.908000+00:00,48.486,7.814,1.0,MLv,0,None,EOST,manual,7,13,96.32,manual,Strasbourg,12
51d5d71ab6b71c53d0756625,2013-07-04T20:10:18.593000+00:00,45.805,6.981,1.5,MLv,17,None,EOST,manual,6,8,234.54,manual,Aosta,27
51d4dc5eb6b71c53d0756612,2013-07-04T02:20:46.589000+00:00,47.542,7.637,1.4,MLv,24,from location,EOST,manual,9,18,185.24,manual,Basel,5
51d431feb6b71c53d0756609,2013-07-03T14:13:50.323000+00:00,47.375,7.371,3.2,MLv,23,from location,EOST,manual,21,31,64.53,manual,Delémont,2
51d423c4b6b71c53d0756606,2013-07-03T13:12:48.902000+00:00,47.169,7.182,1.3,MLv,20,None,EOST,manual,3,6,250.46,manual,Biel,6
51d07daeb6b71c09a2a2631d,2013-06-30T18:47:40.767000+00:00,47.986,7.548,1.2,MLv,10,operator assigned,EOST,manual,8,15,147.74,manual,Unterkrozingen,13
5257bb6cb6b71c10385fe96f,2013-06-30T11:18:43.487000+00:00,47.917,7.497,0.6,MLv,10,None,EOST,manual,5,10,138.88,manual,Unterkrozingen,14
51cea527b6b71c09a2a2630b,2013-06-29T09:11:35.663000+00:00,47.596,7.602,1.9,MLv,20,None,EOST,manual,8,15,177.6,manual,Basel,5
51ce21bfb6b71c09a2a26304,2013-06-28T23:50:41.877000+00:00,45.024,6.548,1.5,MLv,10,None,EOST,manual,10,17,140.65,manual,Briançon,16
51ce1906b6b71c09a2a26303,2013-06-28T23:13:33.728000+00:00,46.324,7.305,1.6,MLv,14,None,EOST,manual,4,8,243.22,manual,Sion,11
5257c084b6b71c10385fe971,2013-06-27T19:23:37.283000+00:00,48.096,7.749,0.7,MLv,4,None,EOST,manual,4,9,163.92,manual,Emmendingen,8
51caf032b6b71c09a2a262d5,2013-06-26T13:42:31.014000+00:00,47.214,7.121,1.6,MLv,0,operator assigned,EOST,manual,4,8,240.61,manual,Biel,13
51ca8b67b6b71c09a2a262d0,2013-06-25T21:23:06.146000+00:00,46.803,7.162,1.8,MLv,13,None,EOST,manual,8,16,175.14,manual,Fribourg,1
51ca0a7ab6b71c09a2a262cd,2013-06-25T21:22:35.071000+00:00,46.812,7.23,1.9,MLv,12,from location,EOST,manual,10,20,178.91,manual,Fribourg,6
51ca0302b6b71c09a2a262cc,2013-06-25T20:50:33.198000+00:00,46.284,7.409,2.1,MLv,7,operator assigned,EOST,manual,10,16,186.23,manual,Sion,7
51c96b78b6b71c09a2a262c3,2013-06-25T10:03:59.089000+00:00,48.408,6.867,1.6,MLv,0,None,EOST,manual,10,17,220.8,manual,Saint-Dié-des-Vosges,15
51c904dbb6b71c4434785e3e,2013-06-25T02:46:02.017000+00:00,45.123,7.086,1.6,MLv,0,None,EOST,manual,5,9,211.49,manual,Giaveno,22
51c8d7b2b6b71c4434785e3d,2013-06-24T23:33:23.270000+00:00,45.443,6.625,1.4,MLv,0,None,EOST,manual,7,12,171.56,manual,Saint-Jean-de-Maurienne,28
5257c27db6b71c10385fe972,2013-06-22T11:32:35.296000+00:00,47.439,7.659,1.1,MLv,18,None,EOST,manual,3,6,236.2,manual,Muttenz,9
51c3fc4eb6b71c4434785e0b,2013-06-21T07:08:16.918000+00:00,45.016,6.461,1.8,MLv,2,operator assigned,EOST,manual,10,17,133.02,manual,Briançon,20
5257ca26b6b71c10385fe975,2013-06-20T04:11:11.175000+00:00,47.795,7.621,0.9,MLv,6,None,EOST,manual,6,12,211.22,manual,Müllheim,2
51b29ffeb6b71c61da15a91d,2013-06-08T03:06:04.069000+00:00,47.758,7.884,2.5,MLv,21,from location,EOST,manual,18,24,134.43,manual,Schopfheim,13
5257ce85b6b71c10385fe977,2013-06-03T20:53:38.845000+00:00,47.874,7.599,0.6,MLv,0,None,EOST,manual,3,6,157.29,manual,Müllheim,8
51acdc9fb6b71c61da15a8d5,2013-06-03T18:10:34.294000+00:00,49.271,6.562,2.0,MLv,18,None,EOST,manual,8,13,103.57,manual,Saarlouis,15
5257d040b6b71c10385fe978,2013-06-03T07:01:49.159000+00:00,48.382,7.796,0.6,MLv,12,None,EOST,manual,4,8,149.83,manual,Lahr,7
51ab1c5eb6b71c61da15a8c5,2013-06-02T10:18:35.444000+00:00,46.031,6.747,1.7,MLv,19,None,EOST,manual,6,10,186.88,manual,Cluses,14
5257d1a1b6b71c10385fe979,2013-06-02T08:57:37.004000+00:00,47.457,7.798,1.0,MLv,10,operator assigned,EOST,manual,4,8,200.51,manual,Rheinfelden (Baden),11
5260ef2eb6b71c10385fea0a,2013-05-31T23:09:08.289000+00:00,48.069,7.911,0.5,MLv,7,None,EOST,manual,3,6,162.84,manual,Freiburg,9
51a87456b6b71c61da15a89e,2013-05-31T07:09:53.832000+00:00,48.179,7.459,1.2,MLv,0,None,EOST,manual,8,16,81.78,manual,Colmar,13
51a80d47b6b71c0f89a7666e,2013-05-31T02:37:22.741000+00:00,48.057,7.397,0.8,MLv,0,None,EOST,manual,4,8,150.95,manual,Colmar,4
51a7d887b6b71c0f89a7666c,2013-05-30T22:52:13.905000+00:00,45.996,6.875,1.3,MLv,13,None,EOST,manual,6,14,217.23,manual,Cluses,24
51a74726b6b71c0f89a76666,2013-05-30T12:32:05.142000+00:00,48.054,7.39,2.7,MLv,0,from location,EOST,manual,26,43,60.64,manual,Colmar,4
51a6a179b6b71c0f89a7665f,2013-05-30T00:44:45.529000+00:00,49.794,7.639,1.9,MLv,5,None,EOST,manual,7,12,198.34,manual,Bad Kreuznach,17
51a62c75b6b71c0f89a76659,2013-05-29T16:25:38.689000+00:00,45.784,7.738,1.8,MLv,14,None,EOST,manual,6,11,233.81,manual,Zermatt,26
5260f18ab6b71c10385fea0b,2013-05-24T02:06:53.864000+00:00,47.672,7.466,0.9,MLv,6,None,EOST,manual,6,11,185.92,manual,Saint-Louis,12
519e658fb6b71c5d49b220ce,2013-05-23T18:51:20.053000+00:00,48.379,7.781,1.2,MLv,3,from location,EOST,manual,8,17,77.3,manual,Lahr,8
519a554bb6b71c0ba6e2c6a2,2013-05-20T16:52:57.084000+00:00,47.894,7.657,1.4,MLv,19,from location,EOST,manual,6,12,155.64,manual,Müllheim,10
519a54ceb6b71c0ba6e2c6a1,2013-05-20T16:50:30.166000+00:00,49.494,7.03,1.8,MLv,35,None,EOST,manual,4,8,224.5,manual,Sankt Wendel,10
52566ceab6b71c10385fe93e,2013-05-19T21:31:28.108000+00:00,46.024,6.949,1.0,MLv,9,None,EOST,manual,4,8,289.97,manual,Martigny-Ville,13
5198b4f0b6b71c0ba6e2c66c,2013-05-19T11:16:05.012000+00:00,45.36,6.56,1.4,MLv,0,None,EOST,manual,6,8,220.37,manual,Saint-Jean-de-Maurienne,19
5260f923b6b71c10385fea0d,2013-05-17T00:31:26.116000+00:00,48.003,7.987,0.9,MLv,2,None,EOST,manual,6,12,139.72,manual,Freiburg,10
51960086b6b71c7ef797559c,2013-05-16T19:25:58.916000+00:00,45.821,7.073,1.5,MLv,12,None,EOST,manual,7,12,199.36,manual,Aosta,21
518fed69136522dc7e7feab8,2013-05-12T19:26:50.979000+00:00,48.238,7.828,1.0,MLv,5,operator assigned,EOST,manual,4,8,228.69,manual,Lahr,12
517f5555136522dc7e7fea48,2013-04-30T05:21:37.049000+00:00,45.808,7.032,1.6,MLv,5,operator assigned,EOST,manual,4,7,258.2,manual,Aosta,23
52610295b6b71c10385fea11,2013-04-28T06:06:20.793000+00:00,48.247,7.322,0.5,MLv,20,None,EOST,manual,4,8,187.68,manual,Sélestat,10
517a5a30136522dc7e7fea2b,2013-04-26T00:38:19.649000+00:00,47.73,7.501,0.9,MLv,10,operator assigned,EOST,manual,5,10,179.47,manual,Rixheim,8
517a5a11136522dc7e7fea0b,2013-04-24T00:28:51.401000+00:00,46.003,6.871,1.2,MLv,10,operator assigned,EOST,manual,5,8,216.11,manual,Cluses,24
52610509b6b71c10385fea12,2013-04-23T22:50:26.002000+00:00,47.992,7.88,0.5,MLv,18,None,EOST,manual,6,11,117.15,manual,Freiburg,2
517a5a01136522dc7e7fe9fe,2013-04-23T17:36:29.964000+00:00,48.179,7.702,1.2,MLv,13,from location,EOST,manual,7,14,90.01,manual,Teningen,10
517a5980136522dc7e7fe9a1,2013-04-18T21:25:49.778000+00:00,47.585,7.569,2.4,MLv,0,None,EOST,manual,11,21,209.75,manual,Basel,3
517a5964136522dc7e7fe98d,2013-04-17T22:01:07.842000+00:00,46.005,6.875,1.2,MLv,12,None,EOST,manual,5,9,216.51,manual,Cluses,24
517a5964136522dc7e7fe98e,2013-04-17T13:32:49.982000+00:00,45.565,6.59,2.0,MLv,5,operator assigned,EOST,manual,11,18,162.2,manual,Albertville,20
517a5942136522dc7e7fe964,2013-04-17T07:16:51.521000+00:00,46.01,6.879,1.7,MLv,2,None,EOST,manual,7,14,211.13,manual,Cluses,24
517a5911136522dc7e7fe93b,2013-04-15T21:58:55.229000+00:00,46.316,7.462,2.2,MLv,5,operator assigned,EOST,manual,7,8,201.74,manual,Sion,12
517a5919136522dc7e7fe946,2013-04-15T20:44:20.023000+00:00,46.293,7.451,1.7,MLv,5,operator assigned,EOST,manual,5,11,213.46,manual,Sion,10
517a5913136522dc7e7fe941,2013-04-15T20:05:55.629000+00:00,46.303,7.418,1.9,MLv,10,None,EOST,manual,10,20,206.97,manual,Sion,9
517a591c136522dc7e7fe94a,2013-04-15T15:12:26.128000+00:00,46.303,7.453,2.6,MLv,9,None,EOST,manual,10,17,192.6,manual,Sion,11
517a589d136522dc7e7fe8d8,2013-04-09T08:25:16.853000+00:00,47.852,7.313,1.6,MLv,14,None,EOST,manual,7,14,171.59,manual,Wittenheim,5
517a589e136522dc7e7fe8d9,2013-04-09T07:22:55.048000+00:00,47.197,7.166,1.3,MLv,10,operator assigned,EOST,manual,4,7,245.0,manual,Biel,9
526109e7b6b71c10385fea14,2013-04-08T20:40:09.539000+00:00,48.267,7.631,0.4,MLv,0,None,EOST,manual,4,8,152.27,manual,Sélestat,13
517a589b136522dc7e7fe8d4,2013-04-08T06:27:56.212000+00:00,45.914,6.099,1.7,MLv,6,None,EOST,manual,6,11,102.15,manual,Annecy,2
517a5891136522dc7e7fe8c8,2013-04-08T04:59:08.237000+00:00,46.178,7.437,2.4,MLv,21,None,EOST,manual,7,15,211.71,manual,Sion,8
52610acab6b71c10385fea15,2013-04-08T01:01:49.154000+00:00,47.987,7.731,0.7,MLv,13,None,EOST,manual,5,10,156.65,manual,Freiburg,9
517a589c136522dc7e7fe8d6,2013-04-07T19:28:22.022000+00:00,45.184,7.668,2.9,MLv,0,None,EOST,manual,17,21,165.45,manual,Settimo Torinese,9
523ad5e4b6b71c10385fe70f,2013-04-07T05:05:39.637000+00:00,45.226,7.435,1.5,MLv,22,None,EOST,manual,4,8,244.92,manual,Ciriè,13
517a5884136522dc7e7fe8c5,2013-04-06T23:15:31.102000+00:00,46.17,7.335,2.7,MLv,5,operator assigned,EOST,manual,12,18,197.14,manual,Sion,7
517a5883136522dc7e7fe8c2,2013-04-06T22:02:56.923000+00:00,46.15,6.976,2.4,MLv,9,None,EOST,manual,11,20,197.69,manual,Monthey,12
517a587c136522dc7e7fe8b6,2013-04-06T20:49:06.497000+00:00,45.919,6.101,3.1,MLv,7,None,EOST,manual,22,32,91.31,manual,Annecy,2
52610c44b6b71c10385fea16,2013-04-06T12:59:52.081000+00:00,48.347,7.634,0.6,MLv,5,operator assigned,EOST,manual,5,10,138.1,manual,Erstein,9
517a587e136522dc7e7fe8bc,2013-04-06T09:12:57.560000+00:00,47.89,7.93,0.7,MLv,16,None,EOST,manual,3,6,286.8,manual,Freiburg,13
5261230fb6b71c10385fea18,2013-04-04T21:28:39.331000+00:00,47.704,7.6,1.1,MLv,20,None,EOST,manual,6,11,194.67,manual,Lörrach,11
517a5836136522dc7e7fe890,2013-04-04T05:07:45.118000+00:00,47.268,6.449,1.3,MLv,14,None,EOST,manual,6,12,244.51,manual,Besançon,33
517a581d136522dc7e7fe87f,2013-04-03T03:49:56.063000+00:00,47.136,7.236,1.1,MLv,10,operator assigned,EOST,manual,5,10,256.84,manual,Biel,1
517a5817136522dc7e7fe874,2013-04-03T01:37:57.677000+00:00,48.068,7.535,1.0,MLv,10,operator assigned,EOST,manual,7,14,103.03,manual,Colmar,13
517a57fe136522dc7e7fe85f,2013-04-01T21:21:23.835000+00:00,46.14,7.445,2.0,MLv,5,operator assigned,EOST,manual,11,21,185.4,manual,Sion,12
517a57de136522dc7e7fe841,2013-03-31T04:48:02.896000+00:00,45.769,7.326,1.6,MLv,7,None,EOST,manual,6,13,213.25,manual,Aosta,4
517a57c7136522dc7e7fe826,2013-03-29T20:19:53.323000+00:00,46.176,6.981,1.4,MLv,5,operator assigned,EOST,manual,5,10,219.3,manual,Monthey,9
517a57c9136522dc7e7fe829,2013-03-29T16:05:29.198000+00:00,48.196,7.466,0.6,MLv,0,None,EOST,manual,4,8,147.31,manual,Colmar,15
517a57ca136522dc7e7fe82c,2013-03-29T13:50:36.050000+00:00,46.329,7.454,1.9,MLv,10,operator assigned,EOST,manual,6,11,190.15,manual,Sion,13
52566eb9b6b71c10385fe93f,2013-03-27T22:59:36.750000+00:00,46.014,6.876,1.1,MLv,6,None,EOST,manual,5,13,216.0,manual,Cluses,24
52567098b6b71c10385fe940,2013-03-27T22:57:50.244000+00:00,46.02,6.89,0.9,MLv,6,None,EOST,manual,4,11,283.54,manual,Cluses,25
517a570f136522dc7e7fe6f7,2013-03-26T17:31:48.048000+00:00,49.02,6.065,1.8,MLv,10,operator assigned,EOST,manual,6,11,135.44,manual,Metz,13
517a570a136522dc7e7fe6f2,2013-03-26T17:05:26.775000+00:00,47.142,7.191,1.8,MLv,5,operator assigned,EOST,manual,10,15,141.61,manual,Biel,4
517a5717136522dc7e7fe709,2013-03-26T15:22:32.844000+00:00,47.132,7.235,1.8,MLv,5,operator assigned,EOST,manual,9,15,162.67,manual,Biel,1
517a56e0136522dc7e7fe6c9,2013-03-22T21:49:51.483000+00:00,45.934,6.075,1.3,MLv,7,None,EOST,manual,6,12,97.73,manual,Annecy,5
517a56c3136522dc7e7fe6a5,2013-03-21T00:56:42.220000+00:00,45.945,6.076,0.8,MLv,10,None,EOST,manual,5,11,98.05,manual,Annecy,6
517a5669136522dc7e7fe615,2013-03-17T01:07:18.670000+00:00,48.105,7.679,0.9,MLv,5,operator assigned,EOST,manual,7,13,84.99,manual,Breisach am Rhein,11
517a5640136522dc7e7fe5d5,2013-03-13T22:17:34.172000+00:00,47.491,7.71,1.1,MLv,5,operator assigned,EOST,manual,3,6,235.05,manual,Muttenz,6
517a5648136522dc7e7fe5ea,2013-03-13T13:18:50.169000+00:00,48.907,7.99,1.0,MLv,4,None,EOST,manual,11,19,232.47,manual,Rastatt,17
517a5617136522dc7e7fe5b5,2013-03-11T00:26:42.643000+00:00,47.126,7.266,1.7,MLv,10,operator assigned,EOST,manual,7,10,169.73,manual,Biel,2
517a560a136522dc7e7fe5b0,2013-03-10T15:24:02.682000+00:00,48.183,7.451,1.1,MLv,1,None,EOST,manual,6,12,81.36,manual,Colmar,13
517a55f1136522dc7e7fe59f,2013-03-07T18:56:40.351000+00:00,47.978,7.251,0.9,MLv,10,operator assigned,EOST,manual,5,10,133.27,manual,Colmar,15
52612d86b6b71c10385fea1f,2013-03-06T21:07:35.776000+00:00,47.791,7.657,0.7,MLv,5,operator assigned,EOST,manual,3,6,238.15,manual,Müllheim,3
517a55b8136522dc7e7fe564,2013-03-01T23:02:23.971000+00:00,47.255,7.583,1.8,MLv,5,operator assigned,EOST,manual,5,9,229.64,manual,Solothurn,6
517a559c136522dc7e7fe54a,2013-03-01T11:33:07+00:00,48.193,7.452,1.4,MLv,5,None,EOST,manual,7,14,79.79,manual,Colmar,14
517a5573136522dc7e7fe52e,2013-02-26T09:21:42.051000+00:00,49.69,7.185,2.6,MLv,1,operator assigned,EOST,manual,14,20,125.98,manual,Idar-Oberstein,9
517a5557136522dc7e7fe512,2013-02-25T01:01:41.885000+00:00,45.267,7.559,3.6,MLv,0,None,EOST,manual,20,23,175.08,manual,Ciriè,5
517a5558136522dc7e7fe513,2013-02-23T14:04:09.065000+00:00,45.789,7.118,1.9,MLv,10,None,EOST,manual,10,16,188.94,manual,Aosta,16
517a5523136522dc7e7fe4e7,2013-02-19T21:27:07.035000+00:00,48.522,6.202,1.9,MLv,3,None,EOST,manual,12,19,160.1,manual,Vandœuvre-lès-Nancy,14
517a54cf136522dc7e7fe49d,2013-02-15T22:03:48.995000+00:00,46.855,6.821,2.5,MLv,5,None,EOST,manual,11,16,165.4,manual,Neuchâtel,17
52613681b6b71c10385fea26,2013-02-08T02:00:08.895000+00:00,48.034,7.4,0.8,MLv,14,None,EOST,manual,8,14,105.87,manual,Colmar,6
52692726b6b71c10385feb1e,2013-02-03T11:47:27.460000+00:00,47.985,7.567,0.5,MLv,0,operator assigned,EOST,manual,5,9,213.51,manual,Unterkrozingen,12
517a5437136522dc7e7fe41f,2013-02-02T06:16:58.094000+00:00,45.911,7.831,3.1,MLv,5,operator assigned,EOST-PYTEA,manual,14,19,185.47,manual,Varallo,35
5269260db6b71c10385feb1d,2013-02-01T08:58:53.013000+00:00,47.63,7.821,1.2,MLv,17,None,EOST,manual,5,7,182.06,manual,Lörrach,12
52651ffcb6b71c10385fea60,2013-01-30T06:46:04.027000+00:00,48.5,7.856,0.9,MLv,0,None,EOST,manual,4,8,211.63,manual,Strasbourg,12
517a4d25136522dc7e7fda61,2013-01-30T01:00:11.068000+00:00,45.803,7.703,1.6,MLv,5,operator assigned,EOST,manual,4,8,276.55,manual,Aosta,31
517a5386136522dc7e7fe386,2013-01-29T01:10:20.845000+00:00,49.948,7.386,2.7,MLv,8,None,EOST-PYTEA,manual,10,23,273.81,manual,Morbach,24
51a863acb6b71c674337696f,2013-01-28T12:20:42.557000+00:00,47.103,7.22,1.3,MLv,27,None,EOST,manual,3,6,262.0,manual,Biel,4
517a4cdd136522dc7e7fda23,2013-01-26T21:58:23.508000+00:00,46.186,7.241,1.6,MLv,10,operator assigned,EOST,manual,4,8,242.01,manual,Sion,10
52692476b6b71c10385feb1b,2013-01-22T08:54:29.686000+00:00,48.58,7.784,0.6,MLv,0,None,EOST,manual,3,6,238.03,manual,Strasbourg,3
526923cab6b71c10385feb1a,2013-01-22T08:25:17.945000+00:00,48.458,7.853,0.9,MLv,0,None,EOST,manual,3,6,197.07,manual,Offenburg,7
517a533f136522dc7e7fe324,2013-01-22T08:19:46.061000+00:00,48.493,7.829,1.3,MLv,0,None,EOST,manual,6,11,120.03,manual,Strasbourg,12
5265225fb6b71c10385fea61,2013-01-20T13:25:24.879000+00:00,48.557,7.817,0.8,MLv,35,None,EOST,manual,4,8,231.05,manual,Strasbourg,6
526523a1b6b71c10385fea62,2013-01-20T13:20:44.205000+00:00,48.468,7.831,0.9,MLv,0,None,EOST,manual,5,9,121.78,manual,Offenburg,8
526922edb6b71c10385feb19,2013-01-20T09:09:38.999000+00:00,47.863,7.954,0.7,MLv,5,None,EOST,manual,4,7,229.06,manual,Freiburg,17
517a5376136522dc7e7fe379,2013-01-19T22:33:12.321000+00:00,48.468,7.834,2.2,MLv,8,None,EOST-PYTEA,manual,20,36,77.49,manual,Offenburg,8
517a5719136522dc7e7fe70c,2013-01-17T15:03:45.042000+00:00,47.184,7.374,1.6,MLv,0,None,EOST,manual,7,13,252.5,manual,Biel,11
517a533b136522dc7e7fe31c,2013-01-17T13:08:27.394000+00:00,47.013,6.928,2.1,MLv,10,operator assigned,EOST-PYTEA,manual,9,19,149.42,manual,La Chaux-de-Fonds,12
5256745eb6b71c10385fe941,2013-01-17T02:23:21.359000+00:00,47.659,6.98,1.0,MLv,8,None,EOST,manual,7,12,163.45,manual,Belfort,9
517a533e136522dc7e7fe322,2013-01-16T20:57:07.458000+00:00,47.655,6.992,1.6,MLv,10,operator assigned,EOST-PYTEA,manual,8,16,128.6,manual,Belfort,10
517a5345136522dc7e7fe334,2013-01-16T20:47:11.452000+00:00,47.659,6.98,1.8,MLv,10,operator assigned,EOST-PYTEA,manual,8,16,126.54,manual,Belfort,9
517a5345136522dc7e7fe335,2013-01-16T18:21:58.773000+00:00,47.656,6.965,1.6,MLv,10,operator assigned,EOST-PYTEA,manual,7,14,124.97,manual,Belfort,8
517a538a136522dc7e7fe38a,2013-01-16T00:14:36.110000+00:00,46.167,7.683,2.4,MLv,17,None,EOST-PYTEA,manual,11,22,173.7,manual,Sion,26
517a5322136522dc7e7fe2f7,2013-01-15T11:24:15.853000+00:00,48.382,6.855,1.4,MLv,0,None,EOST-PYTEA,manual,7,12,151.59,manual,Saint-Dié-des-Vosges,13
52652783b6b71c10385fea64,2013-01-14T18:45:51.193000+00:00,47.962,7.902,0.6,MLv,13,None,EOST,manual,4,8,179.11,manual,Freiburg,5
517a532d136522dc7e7fe312,2013-01-14T08:29:25.089000+00:00,47.496,6.936,1.8,MLv,0,None,EOST-PYTEA,manual,3,6,315.04,manual,Audincourt,6
517a5324136522dc7e7fe2fd,2013-01-13T13:57:14.896000+00:00,48.091,6.583,2.2,MLv,14,None,EOST-PYTEA,manual,10,18,112.65,manual,Épinal,14
517a531f136522dc7e7fe2ef,2013-01-13T13:34:19.232000+00:00,46.467,6.582,2.0,MLv,5,operator assigned,EOST-PYTEA,manual,5,10,167.35,manual,Lausanne,7
517a531b136522dc7e7fe2e6,2013-01-13T13:08:55.730000+00:00,48.221,7.403,1.4,MLv,16,None,EOST-PYTEA,manual,9,15,81.93,manual,Colmar,16
517a5329136522dc7e7fe306,2013-01-12T22:38:48.304000+00:00,46.436,6.38,2.6,MLv,16,None,EOST-PYTEA,manual,14,23,130.35,manual,Thonon-les-Bains,11
517a5392136522dc7e7fe399,2013-01-12T22:24:11.078000+00:00,46.369,6.467,2.7,MLv,17,None,EOST-PYTEA,manual,17,27,136.75,manual,Thonon-les-Bains,1
517a5327136522dc7e7fe302,2013-01-11T10:58:28.001000+00:00,48.424,6.862,1.2,MLv,0,None,EOST-PYTEA,manual,3,6,315.44,manual,Saint-Dié-des-Vosges,17
517a5375136522dc7e7fe377,2013-01-09T01:37:42.132000+00:00,47.361,6.76,2.0,MLv,14,None,EOST-PYTEA,manual,9,20,116.35,manual,Montbéliard,18
517a5310136522dc7e7fe2e3,2013-01-08T19:35:38.820000+00:00,47.36,6.789,2.8,MLv,14,None,EOST-PYTEA,manual,12,23,108.75,manual,Montbéliard,17
517a5308136522dc7e7fe2cf,2013-01-07T22:21:57.461000+00:00,48.099,7.738,0.5,MLv,17,None,EOST,manual,5,9,102.86,manual,Emmendingen,9
517a5301136522dc7e7fe2be,2013-01-05T07:46:55.069000+00:00,46.284,7.736,3.0,MLv,23,None,EOST-PYTEA,manual,13,25,165.87,manual,Sierre,15
525676e7b6b71c10385fe942,2013-01-02T18:59:03.283000+00:00,45.887,6.892,1.3,MLv,4,None,EOST,manual,5,12,223.55,manual,Cluses,31
52652a4cb6b71c10385fea66,2013-01-02T16:28:48.620000+00:00,47.715,7.638,0.9,MLv,21,None,EOST,manual,5,10,165.71,manual,Lörrach,11
517a5300136522dc7e7fe2bd,2013-01-02T02:18:58.015000+00:00,46.788,7.074,2.1,MLv,20,None,EOST-PYTEA,manual,9,22,166.33,manual,Fribourg,6
517a4ee2136522dc7e7fdca6,2012-12-31T00:59:02.964000+00:00,45.117,6.457,1.9,MLv,5,operator assigned,EOST-PYTEA,manual,19,26,141.33,manual,Briançon,29
517a52ed136522dc7e7fe2a7,2012-12-26T07:26:51.487000+00:00,46.259,7.093,2.4,MLv,15,None,EOST-PYTEA,manual,6,7,176.95,manual,Monthey,10
52652b64b6b71c10385fea67,2012-12-25T17:58:42.565000+00:00,48.255,7.592,0.4,MLv,0,None,EOST,manual,4,8,118.65,manual,Sélestat,11
517a52d5136522dc7e7fe284,2012-12-18T15:56:58.706000+00:00,47.332,6.205,2.2,MLv,13,None,EOST,manual,13,22,82.69,manual,Besançon,17
52652f55b6b71c10385fea6a,2012-12-18T00:09:53.410000+00:00,47.949,7.616,1.2,MLv,10,None,EOST,manual,9,17,135.47,manual,Unterkrozingen,6
517a5695136522dc7e7fe649,2012-12-16T18:38:04.074000+00:00,46.366,6.215,2.4,MLv,5,operator assigned,EOST,manual,16,26,134.32,manual,Nyon,3
52691e19b6b71c10385feb17,2012-12-13T20:52:57.082000+00:00,47.589,7.617,1.0,MLv,9,None,EOST,manual,6,13,178.99,manual,Basel,5
517a52b4136522dc7e7fe250,2012-12-12T21:34:35.070000+00:00,47.627,7.607,1.5,MLv,5,None,EOST-PYTEA,manual,8,15,176.91,manual,Basel,8
526530deb6b71c10385fea6b,2012-12-11T03:17:37.865000+00:00,47.94,7.693,0.5,MLv,12,None,EOST,manual,4,8,224.11,manual,Unterkrozingen,2
52653257b6b71c10385fea6c,2012-12-10T00:10:15.202000+00:00,47.867,7.965,0.6,MLv,7,None,EOST,manual,4,7,228.3,manual,Freiburg,17
526532feb6b71c10385fea6d,2012-12-09T20:56:06.802000+00:00,47.999,7.624,0.3,MLv,0,None,EOST,manual,3,6,202.94,manual,Unterkrozingen,10
517a52ba136522dc7e7fe25c,2012-12-09T05:49:23.052000+00:00,47.936,7.35,2.0,MLv,5,None,EOST-PYTEA,manual,9,18,113.91,manual,Wittenheim,14
517a52ba136522dc7e7fe25d,2012-12-09T05:42:08.244000+00:00,47.939,7.352,0.9,MLv,10,operator assigned,EOST-PYTEA,manual,6,11,141.41,manual,Guebwiller,12
517a529e136522dc7e7fe235,2012-12-01T13:22:05.671000+00:00,45.107,7.755,2.0,MLv,20,None,EOST,manual,10,12,208.71,manual,Turin,7
517a527c136522dc7e7fe1fd,2012-11-28T13:32:51.439000+00:00,45.858,7.707,3.2,MLv,0,None,EOST-PYTEA,manual,10,14,190.11,manual,Aosta,33
52653f29b6b71c10385fea71,2012-11-24T16:11:17.086000+00:00,48.189,7.707,0.6,MLv,7,None,EOST,manual,5,10,125.84,manual,Ettenheim,11
52654091b6b71c10385fea72,2012-11-20T05:47:17.479000+00:00,47.833,7.97,0.9,MLv,11,None,EOST,manual,5,10,164.84,manual,Kirchzarten,15
517a525c136522dc7e7fe1c9,2012-11-19T01:33:42.740000+00:00,48.216,7.809,1.3,MLv,0,None,EOST-PYTEA,manual,4,8,138.85,manual,Emmendingen,11
517a5257136522dc7e7fe1be,2012-11-18T02:46:27.569000+00:00,47.959,7.569,0.9,MLv,0,None,EOST,manual,5,10,131.0,manual,Unterkrozingen,10
517a5248136522dc7e7fe1b2,2012-11-12T22:31:31.069000+00:00,48.21,7.323,1.1,MLv,0,None,EOST,manual,7,9,92.43,manual,Colmar,14
517a5227136522dc7e7fe180,2012-11-12T18:43:33.045000+00:00,48.214,7.333,1.7,MLv,0,None,EOST-PYTEA,manual,9,14,92.41,manual,Colmar,15
517a5228136522dc7e7fe182,2012-11-12T06:52:44.901000+00:00,46.513,7.338,2.4,MLv,2,None,EOST-PYTEA,manual,9,16,193.34,manual,Bulle,25
52654476b6b71c10385fea75,2012-11-11T09:18:50.653000+00:00,47.619,7.681,1.1,MLv,4,None,EOST,manual,6,11,178.09,manual,Lörrach,1
52654698b6b71c10385fea77,2012-11-05T06:55:13.672000+00:00,48.389,7.789,0.9,MLv,9,None,EOST,manual,6,12,152.88,manual,Lahr,8
517a520a136522dc7e7fe153,2012-11-05T06:20:49.721000+00:00,48.387,7.785,2.7,MLv,11,None,EOST-PYTEA,manual,20,35,78.89,manual,Lahr,8
52654789b6b71c10385fea78,2012-11-03T20:50:40.712000+00:00,48.106,7.89,0.5,MLv,21,None,EOST,manual,5,10,110.03,manual,Freiburg,13
517a5205136522dc7e7fe148,2012-10-31T14:41:29.708000+00:00,48.047,7.257,1.0,MLv,0,None,EOST,manual,5,9,135.72,manual,Colmar,9
525679a6b6b71c10385fe943,2012-10-28T06:33:52.461000+00:00,46.013,6.905,1.2,MLv,7,None,EOST,manual,4,9,284.97,manual,Sallanches,22
517a5208136522dc7e7fe14e,2012-10-26T23:34:59.878000+00:00,45.64,6.912,2.4,MLv,5,operator assigned,EOST-PYTEA,manual,7,9,181.09,manual,Aosta,33
517a5204136522dc7e7fe144,2012-10-26T14:15:43.835000+00:00,47.67,7.49,1.4,MLv,6,None,EOST,manual,8,17,159.52,manual,Saint-Louis,11
52664a7eb6b71c10385fea8f,2012-10-25T21:38:59.257000+00:00,47.867,7.591,1.0,MLv,21,None,EOST,manual,7,14,147.9,manual,Müllheim,7
517a4fcf136522dc7e7fdddd,2012-10-25T01:10:57.148000+00:00,45.999,7.028,4.0,MLv,2,None,EOST,manual,36,50,139.98,manual,Martigny-Ville,12
517a51ea136522dc7e7fe129,2012-10-20T22:45:22.983000+00:00,47.05,7.247,2.6,MLv,12,None,EOST-PYTEA,manual,11,23,147.51,manual,Biel,9
52664cc2b6b71c10385fea90,2012-10-19T21:25:58.764000+00:00,47.869,7.561,0.9,MLv,6,None,EOST,manual,4,7,152.18,manual,Müllheim,9
517a51e9136522dc7e7fe127,2012-10-14T21:56:05.254000+00:00,46.088,6.87,2.5,MLv,5,operator assigned,EOST-PYTEA,manual,9,10,160.93,manual,Cluses,23
517a51cc136522dc7e7fe0fb,2012-10-12T20:41:32.065000+00:00,45.839,7.317,3.0,MLv,10,operator assigned,EOST-PYTEA,manual,12,19,166.74,manual,Aosta,11
517a504c136522dc7e7fdeae,2012-10-11T14:18:42.222000+00:00,45.054,6.57,2.5,MLv,5,operator assigned,EOST-PYTEA,manual,7,12,165.7,manual,Briançon,18
52665058b6b71c10385fea92,2012-10-11T05:36:16.335000+00:00,48.115,7.633,0.4,MLv,17,None,EOST,manual,4,8,158.25,manual,Breisach am Rhein,10
52691822b6b71c10385feb15,2012-10-10T13:03:37.749000+00:00,47.566,7.636,0.7,MLv,0,None,EOST,manual,3,6,284.44,manual,Basel,5
517a51d1136522dc7e7fe106,2012-10-10T05:50:31.050000+00:00,48.37,7.79,1.2,MLv,7,operator assigned,EOST,manual,6,11,104.05,manual,Lahr,7
52691757b6b71c10385feb14,2012-10-03T23:02:00.975000+00:00,47.598,7.628,1.1,MLv,8,None,EOST,manual,7,15,181.64,manual,Basel,6
517a519d136522dc7e7fe0ba,2012-10-02T22:01:25.772000+00:00,48.253,7.631,2.1,MLv,18,None,EOST-PYTEA,manual,9,19,105.43,manual,Herbolzheim,11
5266546eb6b71c10385fea94,2012-10-02T13:54:21.882000+00:00,48.016,7.927,0.7,MLv,20,None,EOST,manual,5,10,105.71,manual,Freiburg,6
52665c33b6b71c10385fea98,2012-09-29T02:26:09.383000+00:00,49.45,7.457,0.9,MLv,10,operator assigned,EOST,manual,3,6,178.46,manual,Landstuhl,9
517a51a2136522dc7e7fe0c6,2012-09-28T05:24:43.068000+00:00,46.518,7.445,2.3,MLv,10,operator assigned,EOST-PYTEA,manual,9,20,199.51,manual,Sierre,26
517a519d136522dc7e7fe0bb,2012-09-27T10:27:55.058000+00:00,48.412,6.915,2.3,MLv,10,operator assigned,EOST-PYTEA,manual,7,17,245.92,manual,Saint-Dié-des-Vosges,15
517a517c136522dc7e7fe08b,2012-09-23T02:08:18.255000+00:00,45.344,6.475,1.6,MLv,5,operator assigned,EOST-PYTEA,manual,4,8,159.04,manual,Saint-Jean-de-Maurienne,12
517a517f136522dc7e7fe090,2012-09-21T13:07:48.424000+00:00,48.324,7.987,1.9,MLv,10,operator assigned,EOST-PYTEA,manual,5,10,149.59,manual,Lahr,9
517a517b136522dc7e7fe087,2012-09-20T09:58:09.681000+00:00,47.747,6.93,2.0,MLv,10,operator assigned,EOST-PYTEA,manual,8,16,117.84,manual,Belfort,13
52666074b6b71c10385fea9a,2012-09-19T18:27:56.836000+00:00,48.161,7.084,1.5,MLv,11,None,EOST,manual,14,26,114.08,manual,Saint-Dié-des-Vosges,17
52666184b6b71c10385fea9b,2012-09-19T15:29:52.049000+00:00,47.571,7.958,1.0,MLv,10,operator assigned,EOST,manual,4,8,193.61,manual,Bad Säckingen,2
517a5175136522dc7e7fe07a,2012-09-19T02:32:44.877000+00:00,47.273,6.563,1.9,MLv,7,None,EOST,manual,7,18,225.81,manual,La Chaux-de-Fonds,28
517a516a136522dc7e7fe076,2012-09-18T22:34:58.379000+00:00,47.707,7.835,2.1,MLv,14,None,EOST-PYTEA,manual,8,17,174.07,manual,Lörrach,16
526663d1b6b71c10385fea9c,2012-09-18T21:48:30.428000+00:00,47.763,7.825,0.7,MLv,13,None,EOST,manual,4,8,219.56,manual,Schopfheim,12
517a5163136522dc7e7fe063,2012-09-13T06:09:03.055000+00:00,47.458,7.71,1.4,MLv,12,None,EOST,manual,6,11,238.44,manual,Muttenz,9
517a513f136522dc7e7fe023,2012-09-12T00:32:55.611000+00:00,47.992,6.395,1.7,MLv,13,None,EOST-PYTEA,manual,6,15,156.14,manual,Épinal,22
517a514d136522dc7e7fe047,2012-09-11T22:45:02.999000+00:00,47.982,6.399,2.1,MLv,8,None,EOST-PYTEA,manual,8,17,103.19,manual,Épinal,23
52666c12b6b71c10385feaa1,2012-09-10T03:32:13.835000+00:00,47.602,7.603,1.3,MLv,21,None,EOST,manual,5,9,213.83,manual,Basel,5
517a514c136522dc7e7fe045,2012-09-08T19:19:19.582000+00:00,47.226,6.46,2.2,MLv,19,None,EOST-PYTEA,manual,8,16,166.93,manual,Besançon,33
52666fdbb6b71c10385feaa5,2012-09-08T04:50:37.013000+00:00,48.388,7.925,0.3,MLv,0,None,EOST,manual,3,6,194.1,manual,Offenburg,10
517a512e136522dc7e7fe013,2012-09-07T01:29:33.223000+00:00,47.987,6.412,2.0,MLv,0,None,EOST-PYTEA,manual,7,13,154.85,manual,Épinal,22
5266800db6b71c10385feaa8,2012-08-28T20:08:23.812000+00:00,47.776,7.76,0.4,MLv,16,None,EOST,manual,3,6,249.76,manual,Schopfheim,15
5266843fb6b71c10385feaac,2012-08-22T17:47:38.154000+00:00,47.526,7.6,1.2,MLv,17,None,EOST,manual,8,15,185.68,manual,Basel,4
517a50d7136522dc7e7fdf84,2012-08-16T16:18:05.572000+00:00,48.104,7.544,2.1,MLv,5,operator assigned,EOST-PYTEA,manual,7,12,95.15,manual,Colmar,13
51a864c9b6b71c0ab09bdcb8,2012-08-10T17:57:11.421000+00:00,48.428,7.229,0.8,MLv,0,None,EOST,manual,3,6,267.87,manual,Obernai,19
517a50b3136522dc7e7fdf45,2012-08-10T17:13:29.087000+00:00,48.408,7.284,1.6,MLv,5,operator assigned,EOST,manual,8,15,188.24,manual,Obernai,16
517a50be136522dc7e7fdf60,2012-08-10T16:13:57.522000+00:00,48.359,7.342,1.9,MLv,0,operator assigned,EOST,manual,11,18,102.74,manual,Sélestat,13
51a864c7b6b71c0a3726dc90,2012-08-10T00:44:59.931000+00:00,47.982,7.267,0.9,MLv,6,None,EOST,manual,9,18,91.76,manual,Colmar,14
517a50c1136522dc7e7fdf69,2012-08-09T08:59:25.591000+00:00,47.978,7.276,1.7,MLv,0,operator assigned,EOST,manual,9,14,113.25,manual,Colmar,13
517a50c2136522dc7e7fdf6a,2012-08-09T02:44:44.227000+00:00,47.984,7.278,2.7,MLv,0,None,EOST-PYTEA,manual,14,17,112.43,manual,Colmar,13
526689f4b6b71c10385feaad,2012-08-09T01:33:50.772000+00:00,48.355,7.8,1.0,MLv,10,None,EOST,manual,7,14,83.59,manual,Lahr,5
52568092b6b71c10385fe945,2012-08-07T15:01:09.458000+00:00,45.505,6.824,1.6,MLv,4,None,EOST,manual,6,15,199.66,manual,Bourg-Saint-Maurice,13
517a50be136522dc7e7fdf61,2012-08-04T15:13:30.556000+00:00,47.722,7.596,1.0,MLv,8,operator assigned,EOST,manual,8,14,158.71,manual,Lörrach,13
52668c7eb6b71c10385feaaf,2012-08-02T03:32:55.325000+00:00,47.764,7.797,0.7,MLv,26,None,EOST,manual,4,7,258.13,manual,Schopfheim,13
517a509e136522dc7e7fdf2c,2012-08-02T02:56:36.044000+00:00,48.956,7.635,1.4,MLv,9,operator assigned,EOST,manual,17,27,153.17,manual,Haguenau,19
526791ffb6b71c10385feac0,2012-07-29T17:58:40.715000+00:00,48.192,7.707,0.6,MLv,0,operator assigned,EOST,manual,6,11,124.95,manual,Ettenheim,11
52679365b6b71c10385feac1,2012-07-27T22:57:13.129000+00:00,47.857,7.651,0.7,MLv,21,None,EOST,manual,6,9,195.97,manual,Müllheim,6
517a5086136522dc7e7fdf0a,2012-07-27T21:24:16.080000+00:00,47.864,7.658,1.6,MLv,21,operator assigned,EOST,manual,7,14,150.39,manual,Müllheim,7
517a507a136522dc7e7fdeec,2012-07-22T00:34:54.497000+00:00,48.202,7.779,1.0,MLv,6,operator assigned,EOST,manual,7,12,62.93,manual,Ettenheim,7
5267c213b6b71c10385feac3,2012-07-20T12:21:53.829000+00:00,47.507,7.789,1.1,MLv,15,operator assigned,EOST,manual,6,12,194.65,manual,Rheinfelden (Baden),6
517a505d136522dc7e7fdebf,2012-07-17T08:37:13.078000+00:00,47.562,7.58,1.5,MLv,0,None,EOST,manual,5,10,214.03,manual,Basel,1
517a501d136522dc7e7fde50,2012-07-01T21:00:59.635000+00:00,46.296,6.613,2.2,MLv,10,operator assigned,EOST-PYTEA,manual,8,10,136.61,manual,Thonon-les-Bains,13
517a57ab136522dc7e7fe7ff,2012-06-30T16:01:52.792000+00:00,46.403,6.47,2.6,MLv,9,None,EOST,manual,18,30,139.71,manual,Thonon-les-Bains,4
517a5011136522dc7e7fde4c,2012-06-28T03:39:51.596000+00:00,48.09,7.974,1.3,MLv,10,operator assigned,EOST,manual,7,12,176.38,manual,Freiburg,14
5267c74cb6b71c10385feac7,2012-06-27T19:23:12.980000+00:00,47.914,7.908,1.0,MLv,19,None,EOST,manual,4,8,283.61,manual,Freiburg,10
5267c807b6b71c10385feac8,2012-06-27T14:51:44.097000+00:00,48.223,7.795,0.8,MLv,0,None,EOST,manual,6,11,119.27,manual,Ettenheim,4
517a5003136522dc7e7fde28,2012-06-20T05:00:11.517000+00:00,47.9,7.327,0.9,MLv,0,operator assigned,EOST,manual,7,13,167.87,manual,Wittenheim,10
5267cabfb6b71c10385feaca,2012-06-17T12:03:06.492000+00:00,48.096,7.667,0.3,MLv,9,None,EOST,manual,4,8,160.0,manual,Breisach am Rhein,9
517a4ff1136522dc7e7fde14,2012-06-17T06:56:27.443000+00:00,48.324,6.477,2.2,MLv,5,operator assigned,EOST-PYTEA,manual,7,10,187.08,manual,Épinal,16
5267cbc4b6b71c10385feacb,2012-06-16T00:05:23.219000+00:00,48.176,7.67,0.9,MLv,0,None,EOST,manual,6,12,96.02,manual,Teningen,12
5267cd35b6b71c10385feacc,2012-06-12T13:43:50.560000+00:00,48.212,7.794,1.4,MLv,10,operator assigned,EOST,manual,7,12,119.49,manual,Ettenheim,5
517a4fe2136522dc7e7fddf3,2012-06-12T03:40:47.366000+00:00,48.197,7.783,2.8,MLv,10,operator assigned,EOST-PYTEA,manual,21,25,117.52,manual,Emmendingen,10
517a4ff3136522dc7e7fde1a,2012-06-11T22:33:22.026000+00:00,48.202,7.833,2.0,MLv,10,operator assigned,EOST-PYTEA,manual,11,14,128.45,manual,Emmendingen,9
5267ce6bb6b71c10385feacd,2012-06-11T10:27:01.074000+00:00,48.219,7.798,0.9,MLv,0,None,EOST,manual,6,12,99.55,manual,Emmendingen,12
5267cee7b6b71c10385feace,2012-06-11T10:25:12.874000+00:00,48.225,7.802,1.0,MLv,0,None,EOST,manual,5,9,120.69,manual,Ettenheim,4
5267cf9db6b71c10385feacf,2012-06-11T10:22:40.781000+00:00,48.226,7.799,0.8,MLv,0,None,EOST,manual,5,9,120.08,manual,Ettenheim,4
517a4fcb136522dc7e7fddd4,2012-06-11T10:18:33.924000+00:00,48.208,7.79,2.3,MLv,10,operator assigned,EOST-PYTEA,manual,8,11,118.75,manual,Ettenheim,6
5267d074b6b71c10385fead0,2012-06-11T09:24:25.015000+00:00,48.192,7.761,0.4,MLv,10,operator assigned,EOST,manual,3,6,206.59,manual,Emmendingen,10
517a4fd6136522dc7e7fddf0,2012-06-11T02:55:49.594000+00:00,48.203,7.781,2.1,MLv,6,operator assigned,EOST,manual,14,24,117.13,manual,Emmendingen,11
517a4fcc136522dc7e7fddd8,2012-06-09T20:39:37.880000+00:00,48.207,7.786,1.3,MLv,8,operator assigned,EOST,manual,7,12,118.04,manual,Ettenheim,6
5267d38fb6b71c10385fead1,2012-06-09T16:17:43.163000+00:00,48.221,7.807,0.6,MLv,0,None,EOST,manual,5,10,121.79,manual,Emmendingen,12
5267d54bb6b71c10385fead2,2012-06-09T15:02:15.479000+00:00,48.22,7.792,0.9,MLv,0,None,EOST,manual,5,10,118.79,manual,Ettenheim,4
5267d61db6b71c10385fead3,2012-06-09T15:01:14.605000+00:00,48.221,7.781,0.8,MLv,0,None,EOST,manual,4,7,134.76,manual,Ettenheim,5
5267d6eeb6b71c10385fead4,2012-06-09T14:15:25.332000+00:00,48.225,7.799,1.3,MLv,0,None,EOST,manual,7,12,66.88,manual,Ettenheim,4
5267d783b6b71c10385fead5,2012-06-09T12:09:00.899000+00:00,48.224,7.801,0.4,MLv,0,None,EOST,manual,5,10,120.56,manual,Ettenheim,4
